,Mean Squared Error,Mean Absolute Error,R-squared
K-Nearest Neighbors,0.07146166012705532,0.1405950734927753,0.8747732622616158
Gradient Boosting Regressor,0.08232214323574524,0.19603387608831338,0.8557417582698809
